card_version,base_card,abv_rarete,artwork_card,img_card
ALIN-000-QCSR-1,ALIN-000,QCSR,1,ALIN-000A.webp
ALIN-001-SP-1,ALIN-001,SP,1,ALIN-001A.webp
ALIN-002-UR-1,ALIN-002,UR,1,ALIN-002A.webp
ALIN-002-QCSR-1,ALIN-002,QCSR,1,ALIN-002B.webp
ALIN-003-C-1,ALIN-003,C,1,ALIN-003A.webp
ALIN-004-SR-1,ALIN-004,SR,1,ALIN-004A.webp
ALIN-004-QCSR-1,ALIN-004,QCSR,1,ALIN-004B.webp
ALIN-005-C-1,ALIN-005,C,1,ALIN-005A.webp
ALIN-006-C-1,ALIN-006,C,1,ALIN-006A.webp
ALIN-007-C-1,ALIN-007,C,1,ALIN-007A.webp
ALIN-008-C-1,ALIN-008,C,1,ALIN-008A.webp
ALIN-009-SP-1,ALIN-009,SP,1,ALIN-009A.webp
ALIN-010-C-1,ALIN-010,C,1,ALIN-010A.webp
ALIN-011-SR-1,ALIN-011,SR,1,ALIN-011A.webp
ALIN-011-QCSR-1,ALIN-011,QCSR,1,ALIN-011B.webp
ALIN-012-SP-1,ALIN-012,SP,1,ALIN-012A.webp
ALIN-013-C-1,ALIN-013,C,1,ALIN-013A.webp
ALIN-014-UR-1,ALIN-014,UR,1,ALIN-014A.webp
ALIN-014-QCSR-1,ALIN-014,QCSR,1,ALIN-014B.webp
ALIN-015-C-1,ALIN-015,C,1,ALIN-015A.webp
ALIN-016-SR-1,ALIN-016,SR,1,ALIN-016A.webp
ALIN-016-QCSR-1,ALIN-016,QCSR,1,ALIN-016B.webp
ALIN-017-UR-1,ALIN-017,UR,1,ALIN-017A.webp
ALIN-017-QCSR-1,ALIN-017,QCSR,1,ALIN-017B.webp
ALIN-018-UR-1,ALIN-018,UR,1,ALIN-018A.webp
ALIN-018-QCSR-1,ALIN-018,QCSR,1,ALIN-018B.webp
ALIN-019-UR-1,ALIN-019,UR,1,ALIN-019A.webp
ALIN-019-QCSR-1,ALIN-019,QCSR,1,ALIN-019B.webp
ALIN-020-SP-1,ALIN-020,SP,1,ALIN-020A.webp
ALIN-021-C-1,ALIN-021,C,1,ALIN-021A.webp
ALIN-022-SR-1,ALIN-022,SR,1,ALIN-022A.webp
ALIN-022-QCSR-1,ALIN-022,QCSR,1,ALIN-022B.webp
ALIN-023-SR-1,ALIN-023,SR,1,ALIN-023A.webp
ALIN-023-QCSR-1,ALIN-023,QCSR,1,ALIN-023B.webp
ALIN-024-C-1,ALIN-024,C,1,ALIN-024A.webp
ALIN-025-SP-1,ALIN-025,SP,1,ALIN-025A.webp
ALIN-026-C-1,ALIN-026,C,1,ALIN-026A.webp
ALIN-027-UR-1,ALIN-027,UR,1,ALIN-027A.webp
ALIN-027-QCSR-1,ALIN-027,QCSR,1,ALIN-027B.webp
ALIN-028-UR-1,ALIN-028,UR,1,ALIN-028A.webp
ALIN-028-QCSR-1,ALIN-028,QCSR,1,ALIN-028B.webp
ALIN-029-C-1,ALIN-029,C,1,ALIN-029A.webp
ALIN-030-C-1,ALIN-030,C,1,ALIN-030A.webp
ALIN-031-C-1,ALIN-031,C,1,ALIN-031A.webp
ALIN-032-C-1,ALIN-032,C,1,ALIN-032A.webp
ALIN-033-C-1,ALIN-033,C,1,ALIN-033A.webp
ALIN-034-C-1,ALIN-034,C,1,ALIN-034A.webp
ALIN-035-SP-1,ALIN-035,SP,1,ALIN-035A.webp
ALIN-036-UR-1,ALIN-036,UR,1,ALIN-036A.webp
ALIN-036-QCSR-1,ALIN-036,QCSR,1,ALIN-036B.webp
ALIN-037-SP-1,ALIN-037,SP,1,ALIN-037A.webp
ALIN-038-SP-1,ALIN-038,SP,1,ALIN-038A.webp
ALIN-039-SP-1,ALIN-039,SP,1,ALIN-039A.webp
ALIN-040-UR-1,ALIN-040,UR,1,ALIN-040A.webp
ALIN-040-QCSR-1,ALIN-040,QCSR,1,ALIN-040B.webp
ALIN-041-SP-1,ALIN-041,SP,1,ALIN-041A.webp
ALIN-042-C-1,ALIN-042,C,1,ALIN-042A.webp
ALIN-043-UR-1,ALIN-043,UR,1,ALIN-043A.webp
ALIN-043-QCSR-1,ALIN-043,QCSR,1,ALIN-043B.webp
ALIN-044-C-1,ALIN-044,C,1,ALIN-044A.webp
ALIN-045-C-1,ALIN-045,C,1,ALIN-045A.webp
ALIN-046-UR-1,ALIN-046,UR,1,ALIN-046A.webp
ALIN-046-QCSR-1,ALIN-046,QCSR,1,ALIN-046B.webp
ALIN-047-SR-1,ALIN-047,SR,1,ALIN-047A.webp
ALIN-047-QCSR-1,ALIN-047,QCSR,1,ALIN-047B.webp
ALIN-048-UR-1,ALIN-048,UR,1,ALIN-048A.webp
ALIN-048-QCSR-1,ALIN-048,QCSR,1,ALIN-048B.webp
ALIN-049-UR-1,ALIN-049,UR,1,ALIN-049A.webp
ALIN-049-QCSR-1,ALIN-049,QCSR,1,ALIN-049B.webp
ALIN-050-C-1,ALIN-050,C,1,ALIN-050A.webp
ALIN-051-SR-1,ALIN-051,SR,1,ALIN-051A.webp
ALIN-051-QCSR-1,ALIN-051,QCSR,1,ALIN-051B.webp
ALIN-052-SP-1,ALIN-052,SP,1,ALIN-052A.webp
ALIN-053-C-1,ALIN-053,C,1,ALIN-053A.webp
ALIN-054-SP-1,ALIN-054,SP,1,ALIN-054A.webp
ALIN-055-SP-1,ALIN-055,SP,1,ALIN-055A.webp
ALIN-056-SP-1,ALIN-056,SP,1,ALIN-056A.webp
ALIN-057-C-1,ALIN-057,C,1,ALIN-057A.webp
ALIN-058-UR-1,ALIN-058,UR,1,ALIN-058A.webp
ALIN-058-QCSR-1,ALIN-058,QCSR,1,ALIN-058B.webp
ALIN-059-SR-1,ALIN-059,SR,1,ALIN-059A.webp
ALIN-059-QCSR-1,ALIN-059,QCSR,1,ALIN-059B.webp
ALIN-060-SP-1,ALIN-060,SP,1,ALIN-060A.webp
ALIN-061-C-1,ALIN-061,C,1,ALIN-061A.webp
ALIN-062-SP-1,ALIN-062,SP,1,ALIN-062A.webp
ALIN-063-C-1,ALIN-063,C,1,ALIN-063A.webp
ALIN-064-SP-1,ALIN-064,SP,1,ALIN-064A.webp
ALIN-065-C-1,ALIN-065,C,1,ALIN-065A.webp
ALIN-066-SR-1,ALIN-066,SR,1,ALIN-066A.webp
ALIN-066-QCSR-1,ALIN-066,QCSR,1,ALIN-066B.webp
ALIN-067-C-1,ALIN-067,C,1,ALIN-067A.webp
ALIN-068-C-1,ALIN-068,C,1,ALIN-068A.webp
ALIN-069-C-1,ALIN-069,C,1,ALIN-069A.webp
ALIN-070-C-1,ALIN-070,C,1,ALIN-070A.webp
ALIN-071-C-1,ALIN-071,C,1,ALIN-071A.webp
ALIN-072-C-1,ALIN-072,C,1,ALIN-072A.webp
ALIN-073-C-1,ALIN-073,C,1,ALIN-073A.webp
ALIN-074-C-1,ALIN-074,C,1,ALIN-074A.webp
ALIN-075-C-1,ALIN-075,C,1,ALIN-075A.webp
ALIN-076-C-1,ALIN-076,C,1,ALIN-076A.webp
ALIN-077-SP-1,ALIN-077,SP,1,ALIN-077A.webp
ALIN-078-SR-1,ALIN-078,SR,1,ALIN-078A.webp
ALIN-078-QCSR-1,ALIN-078,QCSR,1,ALIN-078B.webp
ALIN-079-C-1,ALIN-079,C,1,ALIN-079A.webp
ALIN-080-SP-1,ALIN-080,SP,1,ALIN-080A.webp
ALIN-081-C-1,ALIN-081,C,1,ALIN-081A.webp
ALIN-082-C-1,ALIN-082,C,1,ALIN-082A.webp
ALIN-083-C-1,ALIN-083,C,1,ALIN-083A.webp
ALIN-084-C-1,ALIN-084,C,1,ALIN-084A.webp
ALIN-085-SP-1,ALIN-085,SP,1,ALIN-085A.webp
ALIN-086-C-1,ALIN-086,C,1,ALIN-086A.webp
ALIN-087-SP-1,ALIN-087,SP,1,ALIN-087A.webp
ALIN-088-SP-1,ALIN-088,SP,1,ALIN-088A.webp
ALIN-089-C-1,ALIN-089,C,1,ALIN-089A.webp
ALIN-090-SP-1,ALIN-090,SP,1,ALIN-090A.webp
ALIN-091-C-1,ALIN-091,C,1,ALIN-091A.webp
ALIN-092-SR-1,ALIN-092,SR,1,ALIN-092A.webp
ALIN-093-C-1,ALIN-093,C,1,ALIN-093A.webp
ALIN-094-SR-1,ALIN-094,SR,1,ALIN-094A.webp
ALIN-095-C-1,ALIN-095,C,1,ALIN-095A.webp
ALIN-096-C-1,ALIN-096,C,1,ALIN-096A.webp
ALIN-097-C-1,ALIN-097,C,1,ALIN-097A.webp
ALIN-098-C-1,ALIN-098,C,1,ALIN-098A.webp
ALIN-099-C-1,ALIN-099,C,1,ALIN-099A.webp
ALIN-100-SP-1,ALIN-100,SP,1,ALIN-100A.webp
ALIN-SP1-UR-1,ALIN-SP1,UR,1,ALIN-SP1A.webp
ADC1-001-SRPRI-2,ADC1-001,SRPRI,2,